                  epoch,         train/box_loss,         train/cls_loss,         train/dfl_loss,   metrics/precision(B),      metrics/recall(B),       metrics/mAP50(B),    metrics/mAP50-95(B),           val/box_loss,           val/cls_loss,           val/dfl_loss,                 lr/pg0,                 lr/pg1,                 lr/pg2
                      1,                 1.8459,                 2.3887,                 1.0387,                0.39098,                0.16484,                0.13204,                0.07091,                 1.6804,                 1.5371,                0.99217,             0.00023741,             0.00023741,             0.00023741
                      2,                 1.6743,                 1.5207,                0.98899,                0.23236,                0.21631,                0.16526,                0.09161,                   1.61,                  1.388,                0.96615,             0.00038128,             0.00038128,             0.00038128
                      3,                  1.636,                 1.4115,                0.97843,                0.28579,                0.23697,                0.20295,                0.11348,                 1.5774,                 1.2989,                0.96293,              0.0004309,              0.0004309,              0.0004309
                      4,                 1.5943,                 1.3421,                0.96889,                0.29993,                0.24159,                0.21894,                0.12266,                 1.5366,                 1.2401,                0.94806,             0.00028988,             0.00028988,             0.00028988
                      5,                 1.5737,                  1.296,                0.96357,                0.30751,                0.25378,                0.22924,                0.12937,                  1.501,                 1.2269,                0.94377,             0.00028988,             0.00028988,             0.00028988
